label,day,value,month,year,date,base_value,value_change
外食,1,412.74,11,2019,2019-11-01,394.4184210526316,0.04645213805803361
外食,2,694.25,11,2019,2019-11-02,407.6036842105263,0.7032476076477798
外食,3,721.97,11,2019,2019-11-03,641.9994736842106,0.12456478485389799
外食,4,612.82,11,2019,2019-11-04,436.31315789473683,0.4045416437976106
外食,5,277.76,11,2019,2019-11-05,389.6136842105263,-0.28708869514471824
外食,6,267.42,11,2019,2019-11-06,339.52473684210526,-0.21236961263189869
外食,7,307.98,11,2019,2019-11-07,331.5494736842105,-0.07108885869220116
外食,8,406.2,11,2019,2019-11-08,340.6536842105263,0.19241334771229313
外食,9,650.83,11,2019,2019-11-09,354.66105263157897,0.8350760399848038
外食,10,721.83,11,2019,2019-11-10,385.66105263157897,0.8716694233824083
外食,11,270.83,11,2019,2019-11-11,398.53263157894736,-0.32043205865728486
外食,12,248.22,11,2019,2019-11-12,388.0736842105263,-0.3603792009113842
外食,13,286.76,11,2019,2019-11-13,356.7036842105263,-0.1960834364952777
外食,14,289.71,11,2019,2019-11-14,345.40263157894736,-0.1612397430915865
外食,15,400.64,11,2019,2019-11-15,371.1436842105263,0.07947411486259393
外食,16,711.66,11,2019,2019-11-16,396.50894736842105,0.794814479529897
外食,17,636.01,11,2019,2019-11-17,382.65526315789475,0.6620965689881644
外食,18,284.44,11,2019,2019-11-18,397.72789473684213,-0.2848376898778986
外食,19,276.55,11,2019,2019-11-19,374.87105263157895,-0.2622796610764403
外食,20,334.8,11,2019,2019-11-20,377.8636842105263,-0.11396618942225045
外食,21,344.69,11,2019,2019-11-21,387.4636842105263,-0.11039404711613043
外食,22,412.64,11,2019,2019-11-22,456.82947368421054,-0.09673078518300049
外食,23,793.23,11,2019,2019-11-23,646.8768421052631,0.2262457833834799
外食,24,629.08,11,2019,2019-11-24,454.8836842105263,0.38294694190186274
外食,25,377.87,11,2019,2019-11-25,528.0215789473684,-0.2843663685993695
外食,26,315.33,11,2019,2019-11-26,416.15684210526314,-0.24228087082552374
外食,27,308.84,11,2019,2019-11-27,376.5236842105263,-0.17975943359961988
外食,28,302.05,11,2019,2019-11-28,378.8463157894737,-0.20271100071130077
外食,29,464.26,11,2019,2019-11-29,379.81315789473683,0.2223378530995157
外食,30,797.64,11,2019,2019-11-30,420.59,0.8964787560331915
外食,1,651.6,12,2019,2019-12-01,427.8078947368421,0.52311354702984
外食,2,260.84,12,2019,2019-12-02,420.92315789473685,-0.3803144466923579
外食,3,312.17,12,2019,2019-12-03,390.1957894736842,-0.1999657391970563
外食,4,312.83,12,2019,2019-12-04,373.7915789473684,-0.16308976012525978
外食,5,312.81,12,2019,2019-12-05,374.9757894736842,-0.16578614198249986
外食,6,427.65,12,2019,2019-12-06,388.7805263157895,0.09997793370092434
外食,7,709.01,12,2019,2019-12-07,397.6252631578947,0.7831110487525943
外食,8,671.96,12,2019,2019-12-08,434.59736842105264,0.546166748412021
外食,9,301.39,12,2019,2019-12-09,446.2,-0.3245405647691618
外食,10,309.43,12,2019,2019-12-10,472.75842105263155,-0.34547966525687424
外食,11,339.47,12,2019,2019-12-11,416.59315789473686,-0.1851282394662469
外食,12,336.24,12,2019,2019-12-12,404.00736842105266,-0.1677379516267291
外食,13,490.73,12,2019,2019-12-13,413.0121052631579,0.18817340641219915
外食,14,883.94,12,2019,2019-12-14,432.0515789473684,1.045913134153086
外食,15,655.66,12,2019,2019-12-15,471.16473684210524,0.39157273185264296
外食,16,375.57,12,2019,2019-12-16,503.2473684210526,-0.2537069767928297
外食,17,305.01,12,2019,2019-12-17,425.8615789473684,-0.28378136211791083
外食,18,370.64,12,2019,2019-12-18,411.9273684210526,-0.1002297287973608
外食,19,328.76,12,2019,2019-12-19,405.8263157894737,-0.189899749698471
外食,20,589.17,12,2019,2019-12-20,444.7863157894737,0.32461359328074746
外食,21,689.07,12,2019,2019-12-21,443.87684210526317,0.5523900655231537
外食,22,589.46,12,2019,2019-12-22,507.32,0.16190964282898368
外食,23,297.56,12,2019,2019-12-23,621.4936842105263,-0.521217982483626
外食,24,389.91,12,2019,2019-12-24,533.3315789473684,-0.2689163451195562
外食,25,488.91,12,2019,2019-12-25,552.8731578947369,-0.11569228308767887
外食,26,421.97,12,2019,2019-12-26,421.25052631578944,0.0017079472647856253
外食,27,593.72,12,2019,2019-12-27,431.69157894736844,0.3753337543616666
外食,28,757.82,12,2019,2019-12-28,496.4042105263158,0.526618799620004
外食,29,722.59,12,2019,2019-12-29,533.1421052631579,0.35534221151662937
外食,30,663.74,12,2019,2019-12-30,570.0089473684211,0.1644378620095528
外食,31,586.09,12,2019,2019-12-31,540.8473684210526,0.0836513852531604
外食,1,529.16,1,2020,2020-01-01,534.9573684210526,-0.01083706620989966
外食,2,1017.16,1,2020,2020-01-02,924.1405263157894,0.1006551179559727
外食,3,932.02,1,2020,2020-01-03,869.8457894736842,0.07147727939677151
外食,4,755.46,1,2020,2020-01-04,601.6473684210526,0.255652462974465
外食,5,688.64,1,2020,2020-01-05,459.15473684210525,0.4997994025635206
外食,6,362.02,1,2020,2020-01-06,402.4021052631579,-0.10035261927059091
外食,7,270.05,1,2020,2020-01-07,402.43157894736845,-0.32895425178520055
外食,8,274.12,1,2020,2020-01-08,422.2526315789474,-0.35081517674627316
外食,9,275.95,1,2020,2020-01-09,415.3257894736842,-0.33558183239790196
外食,10,387.61,1,2020,2020-01-10,429.4236842105263,-0.09737163027558349
外食,11,699.57,1,2020,2020-01-11,416.5084210526316,0.6796058966394816
外食,12,773.01,1,2020,2020-01-12,400.5126315789474,0.9300514866473755
外食,13,531.1,1,2020,2020-01-13,411.55368421052634,0.2904756302177116
外食,14,243.67,1,2020,2020-01-14,400.1621052631579,-0.3910717761749186
外食,15,290.6,1,2020,2020-01-15,365.58736842105264,-0.20511476844760268
外食,16,315.7,1,2020,2020-01-16,389.658947368421,-0.18980430930152137
外食,17,364.66,1,2020,2020-01-17,331.4268421052632,0.10027298236810211
外食,18,634.49,1,2020,2020-01-18,346.7815789473684,0.8296531261145723
外食,19,534.96,1,2020,2020-01-19,347.1615789473684,0.5409539316593064
外食,20,266.06,1,2020,2020-01-20,396.64157894736843,-0.32921807969278905
外食,21,290.19,1,2020,2020-01-21,379.09315789473686,-0.2345153322957696
外食,22,267.79,1,2020,2020-01-22,364.3621052631579,-0.2650443168161227
外食,23,304.19,1,2020,2020-01-23,358.4347368421053,-0.15133783438517767
外食,24,500.06,1,2020,2020-01-24,341.02947368421053,0.4663248739111916
外食,25,758.94,1,2020,2020-01-25,489.33421052631576,0.5509645221487844
外食,26,582.01,1,2020,2020-01-26,381.82157894736844,0.5242983427089809
外食,27,265.22,1,2020,2020-01-27,381.41052631578947,-0.3046337693878677
外食,28,290.97,1,2020,2020-01-28,394.54842105263157,-0.26252397811221884
外食,29,273.37,1,2020,2020-01-29,362.1878947368421,-0.24522601673745958
外食,30,274.65,1,2020,2020-01-30,355.92526315789473,-0.2283492394914367
外食,31,367.04,1,2020,2020-01-31,369.0673684210526,-0.005493220464670379
外食,1,703.52,2,2020,2020-02-01,365.9836842105263,0.9222714846362148
外食,2,529.92,2,2020,2020-02-02,324.69894736842105,0.632034856579698
外食,3,247.27,2,2020,2020-02-03,324.2742105263158,-0.2374663418386973
外食,4,257.54,2,2020,2020-02-04,353.6584210526316,-0.2717832103828999
外食,5,251.14,2,2020,2020-02-05,338.9305263157895,-0.2590221874378852
外食,6,261.67,2,2020,2020-02-06,329.7163157894737,-0.20637836992246927
外食,7,381.12,2,2020,2020-02-07,328.1015789473684,0.1615914840237218
外食,8,652.34,2,2020,2020-02-08,324.6294736842105,1.0094909824317928
外食,9,562.8,2,2020,2020-02-09,329.36842105263156,0.708724832214765
外食,10,356.75,2,2020,2020-02-10,440.53736842105263,-0.19019355547829742
外食,11,522.7,2,2020,2020-02-11,590.1294736842106,-0.11426216905121622
外食,12,250.26,2,2020,2020-02-12,396.8921052631579,-0.36945079863942876
外食,13,265.11,2,2020,2020-02-13,337.84315789473686,-0.21528675716853973
外食,14,371.57,2,2020,2020-02-14,318.4473684210526,0.1668176183786465
外食,15,617.65,2,2020,2020-02-15,331.85526315789474,0.8612029657824827
外食,16,663.17,2,2020,2020-02-16,357.30526315789473,0.85603199387226
外食,17,245.65,2,2020,2020-02-17,359.2294736842105,-0.3161752640153779
外食,18,244.38,2,2020,2020-02-18,368.5321052631579,-0.33688273963133974
外食,19,272.58,2,2020,2020-02-19,363.36894736842106,-0.24985334609886145
外食,20,274.42,2,2020,2020-02-20,384.1352631578947,-0.2856162234519912
外食,21,396.78,2,2020,2020-02-21,367.7163157894737,0.07903833189486731
外食,22,663.09,2,2020,2020-02-22,354.87315789473683,0.8685267827348246
外食,23,742.37,2,2020,2020-02-23,378.59736842105264,0.9608430008271529
外食,24,529.73,2,2020,2020-02-24,407.52526315789476,0.2998703341607494
外食,25,342.24,2,2020,2020-02-25,514.83,-0.33523687430802407
外食,26,248.27,2,2020,2020-02-26,406.46,-0.3891895881513555
外食,27,251.67,2,2020,2020-02-27,393.32684210526315,-0.36015045743395413
外食,28,309.96,2,2020,2020-02-28,421.82,-0.2651842017922337
外食,29,408.47,2,2020,2020-02-29,381.894,0.06958999093989426
外食,1,476.97,3,2020,2020-03-01,389.9942105263158,0.223018155465196
外食,2,228.33,3,2020,2020-03-02,346.5647368421053,-0.341162052202596
外食,3,216.2,3,2020,2020-03-03,389.7110526315789,-0.4452300017151709
外食,4,201.95,3,2020,2020-03-04,370.68263157894734,-0.4551943285290154
外食,5,249.08,3,2020,2020-03-05,366.21473684210525,-0.3198526030169242
外食,6,274.99,3,2020,2020-03-06,345.25157894736844,-0.2035083493653751
外食,7,437.06,3,2020,2020-03-07,339.6457894736842,0.2868111825477626
外食,8,444,3,2020,2020-03-08,355.2294736842105,0.24989628646271655
外食,9,201.14,3,2020,2020-03-09,363.6431578947368,-0.4468753346976938
外食,10,211.57,3,2020,2020-03-10,406.16789473684213,-0.47910703248203046
外食,11,235.08,3,2020,2020-03-11,407.5278947368421,-0.4231560513132455
外食,12,260.47,3,2020,2020-03-12,395.1015789473684,-0.3407518119923856
外食,13,404.4,3,2020,2020-03-13,366.5621052631579,0.10322369441237789
外食,14,443.79,3,2020,2020-03-14,364.89473684210526,0.2162137602769365
外食,15,450.38,3,2020,2020-03-15,401.43894736842105,0.12191406178300701
外食,16,222.01,3,2020,2020-03-16,421.65736842105264,-0.4734824608156536
外食,17,239.97,3,2020,2020-03-17,418.0215789473684,-0.42593872640672037
外食,18,296.64,3,2020,2020-03-18,450.8015789473684,-0.3419721361831498
外食,19,406.56,3,2020,2020-03-19,471.1936842105263,-0.1371700987860619
外食,20,575.28,3,2020,2020-03-20,591.5715789473684,-0.02753948892601865
外食,21,581.46,3,2020,2020-03-21,552.3747368421052,0.0526549482044989
外食,22,534.56,3,2020,2020-03-22,413.62,0.29239398481698164
外食,23,245.33,3,2020,2020-03-23,425.5052631578947,-0.4234383890359448
外食,24,240.52,3,2020,2020-03-24,464.0042105263158,-0.48164263482182557
外食,25,405.46,3,2020,2020-03-25,578.6789473684211,-0.2993351462951005
外食,26,304.91,3,2020,2020-03-26,478.3352631578947,-0.36256006302560295
外食,27,290.4,3,2020,2020-03-27,459.42052631578946,-0.3678993789659514
外食,28,439.65,3,2020,2020-03-28,454.51421052631576,-0.03270351109397307
外食,29,363.18,3,2020,2020-03-29,458.03000000000003,-0.20708250551273932
外食,30,190.07,3,2020,2020-03-30,482.9473684210526,-0.6064374455100261
外食,31,185.48,3,2020,2020-03-31,498.04473684210524,-0.627583656086697
外食,1,196.05,4,2020,2020-04-01,519.5342105263157,-0.6226427518576862
外食,2,163.97,4,2020,2020-04-02,441.5731578947368,-0.6286685522694576
外食,3,224.49,4,2020,2020-04-03,417.93263157894734,-0.4628560130567505
外食,4,279.9,4,2020,2020-04-04,407.6663157894737,-0.31340905745927405
外食,5,262.71,4,2020,2020-04-05,417.7547368421053,-0.37113818987217384
外食,6,149.49,4,2020,2020-04-06,405.2721052631579,-0.6311367151634315
外食,7,169.89,4,2020,2020-04-07,401.5210526315789,-0.5768839544364195
外食,8,128.51,4,2020,2020-04-08,418.27736842105264,-0.6927636785965495
外食,9,94.56,4,2020,2020-04-09,391.1578947368421,-0.7582561894510226
外食,10,157.13,4,2020,2020-04-10,378.46263157894737,-0.5848203048621918
外食,11,208.36,4,2020,2020-04-11,338.4347368421053,-0.38434215723780996
外食,12,181.89,4,2020,2020-04-12,351.8142105263158,-0.48299416408481155
外食,13,84.37,4,2020,2020-04-13,357.57631578947365,-0.7640503683424222
外食,14,101.63,4,2020,2020-04-14,369.58473684210526,-0.7250157004091363
外食,15,129.18,4,2020,2020-04-15,387.23894736842107,-0.6664075220793906
外食,16,105.78,4,2020,2020-04-16,395.4278947368421,-0.7324923167840833
外食,17,118.81,4,2020,2020-04-17,356.8478947368421,-0.6670570241485757
外食,18,137.37,4,2020,2020-04-18,338.7210526315789,-0.5944450487126497
外食,19,193.44,4,2020,2020-04-19,356.77,-0.45780194523082096
外食,20,121.53,4,2020,2020-04-20,396.86894736842106,-0.6937780070578781
外食,21,104.01,4,2020,2020-04-21,381.9194736842105,-0.7276651043827095
外食,22,120.16,4,2020,2020-04-22,386.8878947368421,-0.6894190755652052
外食,23,105.02,4,2020,2020-04-23,370.5357894736842,-0.7165725876327026
外食,24,212.26,4,2020,2020-04-24,363.03315789473686,-0.41531511548169453
外食,25,194.52,4,2020,2020-04-25,467.79526315789474,-0.5841770635151905
外食,26,150.66,4,2020,2020-04-26,384.04,-0.6076971148838664
外食,27,108.52,4,2020,2020-04-27,383.0684210526316,-0.7167085720566616
外食,28,112.96,4,2020,2020-04-28,466.60263157894735,-0.7579096379766397
外食,29,207.5,4,2020,2020-04-29,668.4894736842106,-0.6895987024950202
外食,30,125.61,4,2020,2020-04-30,520.7663157894737,-0.758797763619605
外食,1,130.27,5,2020,2020-05-01,470.1921052631579,-0.7229430300045334
外食,2,213.08,5,2020,2020-05-02,507.7421052631579,-0.5803381327030921
外食,3,191.95,5,2020,2020-05-03,894.6463157894736,-0.7854459392362051
外食,4,168.27,5,2020,2020-05-04,949.6994736842105,-0.8228176337223576
外食,5,223.51,5,2020,2020-05-05,930.9021052631579,-0.7598995654469858
外食,6,168.96,5,2020,2020-05-06,512.9257894736842,-0.6705956232511321
外食,7,103.43,5,2020,2020-05-07,320.81684210526316,-0.6776042076803948
外食,8,145.33,5,2020,2020-05-08,326.34315789473686,-0.5546712211233896
外食,9,168.51,5,2020,2020-05-09,324.6768421052632,-0.4809916256812442
外食,10,290.65,5,2020,2020-05-10,348.11368421052634,-0.1650716039527318
外食,11,100.6,5,2020,2020-05-11,351.8157894736842,-0.7140549031341162
外食,12,103.82,5,2020,2020-05-12,366.97789473684213,-0.7170946765759589
外食,13,119.58,5,2020,2020-05-13,403.5578947368421,-0.7036856382701236
外食,14,122.94,5,2020,2020-05-14,373.8494736842105,-0.6711510684007355
外食,15,202.75,5,2020,2020-05-15,356.39684210526315,-0.43111168212843753
外食,16,241.66,5,2020,2020-05-16,345.7578947368421,-0.3010716351569398
外食,17,247.41,5,2020,2020-05-17,337.86263157894734,-0.2677201416333951
外食,18,124.57,5,2020,2020-05-18,352.4278947368421,-0.6465376269576606
外食,19,113.86,5,2020,2020-05-19,357.99052631578945,-0.6819468906851401
外食,20,134.2,5,2020,2020-05-20,403.32,-0.6672617276604185
外食,21,158.29,5,2020,2020-05-21,387.73526315789474,-0.591757533965796
外食,22,174.04,5,2020,2020-05-22,339.2884210526316,-0.4870440922798178
外食,23,346.83,5,2020,2020-05-23,332.8342105263158,0.042050333262174
外食,24,296.36,5,2020,2020-05-24,339.66684210526313,-0.12749799726357236
外食,25,225.39,5,2020,2020-05-25,485.01421052631576,-0.5352919664860607
外食,26,142.68,5,2020,2020-05-26,403.30263157894734,-0.6462210042086718
外食,27,171.77,5,2020,2020-05-27,404.6973684210526,-0.57555938485548
外食,28,187.53,5,2020,2020-05-28,387.13,-0.5155890786040864
外食,29,232.45,5,2020,2020-05-29,333.43894736842105,-0.30287087985806604
外食,30,405.59,5,2020,2020-05-30,338.5215789473684,0.19812155331775472
外食,31,350.26,5,2020,2020-05-31,363.1978947368421,-0.03562216335592028
外食,1,138.37,6,2020,2020-06-01,375.08263157894737,-0.6310946219569863
外食,2,153.26,6,2020,2020-06-02,352.71315789473687,-0.5654826122314988
外食,3,169.1,6,2020,2020-06-03,365.72473684210524,-0.5376304007759647
外食,4,150.07,6,2020,2020-06-04,359.7505263157895,-0.582849811126424
外食,5,245.97,6,2020,2020-06-05,331.13473684210527,-0.25719058548277374
外食,6,441.06,6,2020,2020-06-06,330.68368421052634,0.33378216422435814
外食,7,412.12,6,2020,2020-06-07,326.0784210526316,0.2638677489593235
外食,8,156.62,6,2020,2020-06-08,359.0415789473684,-0.5637831126434557
外食,9,176.63,6,2020,2020-06-09,363.7289473684211,-0.5143911385719557
外食,10,182.86,6,2020,2020-06-10,395.76,-0.5379522943197897
外食,11,178.89,6,2020,2020-06-11,367.45473684210526,-0.5131645286780757
外食,12,276.72,6,2020,2020-06-12,342.1168421052632,-0.19115353018820902
外食,13,435.62,6,2020,2020-06-13,344.72052631578947,0.26369034259636726
外食,14,455.59,6,2020,2020-06-14,354.97473684210524,0.28344344742101746
外食,15,187.47,6,2020,2020-06-15,403.3126315789474,-0.5351744891647332
外食,16,222.78,6,2020,2020-06-16,417.3442105263158,-0.4661960214590002
外食,17,223.51,6,2020,2020-06-17,439.32631578947365,-0.4912437703661108
外食,18,190.46,6,2020,2020-06-18,403.20736842105265,-0.5276376006077583
外食,19,326,6,2020,2020-06-19,359.4952631578947,-0.0931730306087043
外食,20,653.54,6,2020,2020-06-20,381.2915789473684,0.71401634886411
外食,21,611.48,6,2020,2020-06-21,378.6636842105263,0.6148366624459145
外食,22,174.57,6,2020,2020-06-22,363.49842105263156,-0.5197503210757449
外食,23,176.35,6,2020,2020-06-23,387.6657894736842,-0.5450978528710976
外食,24,198.66,6,2020,2020-06-24,420.71263157894737,-0.527801199468571
外食,25,297.14,6,2020,2020-06-25,496.1194736842105,-0.401071685831193
外食,26,314.74,6,2020,2020-06-26,379.3305263157895,-0.1702750552219423
外食,27,485.93,6,2020,2020-06-27,363.4721052631579,0.3369113969507542
外食,28,432.86,6,2020,2020-06-28,381.0463157894737,0.13597739189047342
外食,29,187,6,2020,2020-06-29,383.18315789473684,-0.5119827264136431
外食,30,187.93,6,2020,2020-06-30,440.37947368421055,-0.5732544061879647
外食,1,189.52,7,2020,2020-07-01,436.4615789473684,-0.56578079459577435
外食,2,247.33,7,2020,2020-07-02,365.4184210526316,-0.32315946391663486
外食,3,269.51,7,2020,2020-07-03,347.07894736842104,-0.2234907877776935
外食,4,500.07,7,2020,2020-07-04,341.57526315789477,0.46401116807115006
外食,5,398.76,7,2020,2020-07-05,370.02263157894737,0.07766381288199997
外食,6,177.95,7,2020,2020-07-06,354.43842105263155,-0.4979381764778382
外食,7,233.13,7,2020,2020-07-07,379.4947368421053,-0.38568317985132594
外食,8,186.95,7,2020,2020-07-08,389.91473684210524,-0.5205362035964678
外食,9,195.44,7,2020,2020-07-09,365.9215789473684,-0.46589648918160487
外食,10,284.3,7,2020,2020-07-10,372.59473684210525,-0.23697258203494687
外食,11,455.8,7,2020,2020-07-11,352.4657894736842,0.293175149510591
外食,12,473.75,7,2020,2020-07-12,364.3805263157895,0.3001518077544729
外食,13,138.98,7,2020,2020-07-13,380.13105263157894,-0.6343892480294193
外食,14,165.46,7,2020,2020-07-14,403.10315789473685,-0.5895343493111336
外食,15,222.7,7,2020,2020-07-15,475.1,-0.5312565775626185
外食,16,212.54,7,2020,2020-07-16,482.1615789473684,-0.5591934129965168
外食,17,300.77,7,2020,2020-07-17,430.6378947368421,-0.30157098649249836
外食,18,512.67,7,2020,2020-07-18,420.5563157894737,0.21902817946654607
外食,19,444.83,7,2020,2020-07-19,426.2652631578947,0.043552075307690785
外食,20,227.41,7,2020,2020-07-20,487.5910526315789,-0.5336050594598796
外食,21,318.6,7,2020,2020-07-21,471.0415789473684,-0.3236265878864196
外食,22,338.38,7,2020,2020-07-22,424.5963157894737,-0.2030547901226304
外食,23,448.9,7,2020,2020-07-23,414.1247368421053,0.08397291942295526
外食,24,519.79,7,2020,2020-07-24,409.00052631578944,0.27087856018715706
外食,25,512.39,7,2020,2020-07-25,517.5031578947369,-0.009880438054789553
外食,26,444.24,7,2020,2020-07-26,411.79315789473685,0.07879402919452416
外食,27,178.47,7,2020,2020-07-27,424.26473684210526,-0.57934283832214994
外食,28,214.64,7,2020,2020-07-28,441.39105263157893,-0.513719186829199
外食,29,218.67,7,2020,2020-07-29,450.09263157894736,-0.514166674462333
外食,30,206.42,7,2020,2020-07-30,430.00736842105266,-0.5199617142423509
外食,31,275.86,7,2020,2020-07-31,431.9784210526316,-0.36140328647020625
外食,1,473.28,8,2020,2020-08-01,446.14421052631576,0.06082291069444157
外食,2,398.56,8,2020,2020-08-02,410.09473684210525,-0.028127005313278053
外食,3,237.04,8,2020,2020-08-03,440.37631578947367,-0.4617330871324167
外食,4,218.4,8,2020,2020-08-04,442.4478947368421,-0.5063825535210211
外食,5,231.29,8,2020,2020-08-05,465.7263157894737,-0.5033778591447429
外食,6,202.85,8,2020,2020-08-06,449.3315789473684,-0.5485516498190295
外食,7,282.07,8,2020,2020-08-07,420.79842105263157,-0.32967904372264756
外食,8,458.14,8,2020,2020-08-08,435.72789473684213,0.05143601209349624
外食,9,534.44,8,2020,2020-08-09,428.11263157894734,0.24836307218710285
外食,10,426,8,2020,2020-08-10,514.348947368421,-0.1717685003934457
外食,11,344.9,8,2020,2020-08-11,569.8436842105264,-0.39474629699926955
外食,12,348.63,8,2020,2020-08-12,661.0378947368421,-0.4726020962250751
外食,13,505.97,8,2020,2020-08-13,826.7210526315789,-0.38797978061714944
外食,14,631.23,8,2020,2020-08-14,869.6336842105263,-0.27414265171542285
外食,15,537.42,8,2020,2020-08-15,859.9726315789474,-0.375073135742386
外食,16,566.34,8,2020,2020-08-16,710.5005263157894,-0.20289995710955422
外食,17,202.36,8,2020,2020-08-17,515.687894736842,-0.6075921074252377
外食,18,252.72,8,2020,2020-08-18,476.3378947368421,-0.46945224641508343
外食,19,246.34,8,2020,2020-08-19,469.57894736842104,-0.4754023761488455
外食,20,256.79,8,2020,2020-08-20,458.68631578947367,-0.44016206466063257
外食,21,294.16,8,2020,2020-08-21,417.20526315789476,-0.29492739910936183
外食,22,471.56,8,2020,2020-08-22,395.1178947368421,0.19346657360095043
外食,23,451.2,8,2020,2020-08-23,410.9042105263158,0.0980661391180937
外食,24,179.22,8,2020,2020-08-24,439.9794736842105,-0.592662815609819
外食,25,296.34,8,2020,2020-08-25,541.0384210526316,-0.4522754975082032
外食,26,209.88,8,2020,2020-08-26,474.1578947368421,-0.5573626373626374
外食,27,213.46,8,2020,2020-08-27,430.4578947368421,-0.5041094550478682
外食,28,298.82,8,2020,2020-08-28,429.6215789473684,-0.30445765612577036
外食,29,476.02,8,2020,2020-08-29,389.7115789473684,0.22146742800343566
外食,30,453.85,8,2020,2020-08-30,405.9994736842105,0.11785859198676696
外食,31,191.3,8,2020,2020-08-31,428.81894736842105,-0.5538909808580728
外食,1,179.86,9,2020,2020-09-01,390.68684210526317,-0.53963128363678
外食,2,193.72,9,2020,2020-09-02,380.5978947368421,-0.49101137268784845
外食,3,175.55,9,2020,2020-09-03,339.1515789473684,-0.48238483646498687
外食,4,268.26,9,2020,2020-09-04,320.1057894736842,-0.1619645479043934
外食,5,503.61,9,2020,2020-09-05,327.6078947368421,0.5372340169168854
外食,6,441.76,9,2020,2020-09-06,334.0942105263158,0.32226176354290215
外食,7,172.67,9,2020,2020-09-07,338.19473684210527,-0.48943617037832454
外食,8,199.19,9,2020,2020-09-08,357.5178947368421,-0.4428530629309685
外食,9,241.79,9,2020,2020-09-09,381.8305263157895,-0.36676094933271586
外食,10,243.71,9,2020,2020-09-10,380.8478947368421,-0.3600857366734336
外食,11,326.02,9,2020,2020-09-11,333.55,-0.022575326038075327
外食,12,484.11,9,2020,2020-09-12,333.29473684210524,0.4524981840002529
外食,13,464.32,9,2020,2020-09-13,354.76,0.3088285037772016
外食,14,210.01,9,2020,2020-09-14,394.87,-0.4681540760250209
外食,15,255.83,9,2020,2020-09-15,483.18263157894734,-0.4705314651646375
外食,16,227.64,9,2020,2020-09-16,460.3984210526316,-0.5055586865838171
外食,17,211.27,9,2020,2020-09-17,419.29368421052635,-0.4961288281797208
外食,18,328.27,9,2020,2020-09-18,402.23894736842107,-0.18389305126306188
外食,19,583.32,9,2020,2020-09-19,413.26947368421054,0.4114761363810029
外食,20,678.9,9,2020,2020-09-20,433.13684210526316,0.5674030329542139
外食,21,736.12,9,2020,2020-09-21,445.1957894736842,0.6534747574101045
外食,22,514.75,9,2020,2020-09-22,489.0963157894737,0.05245119086435457
外食,23,192.13,9,2020,2020-09-23,603.4936842105263,-0.6816370990670115
外食,24,228.24,9,2020,2020-09-24,419.36052631578946,-0.4557427662418343
外食,25,379.2,9,2020,2020-09-25,458.22263157894736,-0.17245466751969563
外食,26,512.11,9,2020,2020-09-26,349.8068421052632,0.46397936906533377
外食,27,478.5,9,2020,2020-09-27,359.28526315789475,0.33181081738304985
外食,28,234.24,9,2020,2020-09-28,383.75684210526316,-0.38961348880458846
外食,29,235.04,9,2020,2020-09-29,378.3936842105263,-0.3788479834424743
外食,30,246.89,9,2020,2020-09-30,410.97105263157897,-0.3992520922846404
外食,1,304.42,10,2020,2020-10-01,396.72526315789474,-0.23266797385967752
外食,2,311.26,10,2020,2020-10-02,332.5215789473684,-0.06394044866102877
外食,3,600.1,10,2020,2020-10-03,315.64105263157893,0.9012102354773412
外食,4,507.81,10,2020,2020-10-04,339.96736842105264,0.4937021819431586
外食,5,230.35,10,2020,2020-10-05,334.9505263157895,-0.31228649635609973
外食,6,221.54,10,2020,2020-10-06,348.0742105263158,-0.3635265316984734
外食,7,271.3,10,2020,2020-10-07,416.66789473684213,-0.3488819190848701
外食,8,218.36,10,2020,2020-10-08,457.48578947368424,-0.5226955568363929
外食,9,342.18,10,2020,2020-10-09,405.4563157894737,-0.1560619808480893
外食,10,584.21,10,2020,2020-10-10,423.99894736842106,0.3778571942830047
外食,11,532.75,10,2020,2020-10-11,389.1078947368421,0.3691575195622916
外食,12,219.9,10,2020,2020-10-12,394.57947368421054,-0.4426978221984498
外食,13,233.83,10,2020,2020-10-13,412.2142105263158,-0.43274638760889517
外食,14,216.71,10,2020,2020-10-14,407.9242105263158,-0.46874935488532443
外食,15,294.04,10,2020,2020-10-15,372.8363157894737,-0.21134292034461288
外食,16,360.88,10,2020,2020-10-16,376.25,-0.040850498338870445
外食,17,597.07,10,2020,2020-10-17,329.23105263157896,0.8135288127518829
外食,18,636.74,10,2020,2020-10-18,350.2921052631579,0.8177400815860447
外食,19,205.57,10,2020,2020-10-19,363.9431578947368,-0.435159047393173
外食,20,258.19,10,2020,2020-10-20,389.1205263157895,-0.3364780767425599
外食,21,283.32,10,2020,2020-10-21,413.4642105263158,-0.3147653586767518
外食,22,235.86,10,2020,2020-10-22,354.23105263157896,-0.3341633991492321
外食,23,396.85,10,2020,2020-10-23,350.9426315789474,0.13081160363592192
外食,24,638.96,10,2020,2020-10-24,347.3678947368421,0.8394330900501366
外食,25,606.42,10,2020,2020-10-25,474.7221052631579,0.27742102859068773
外食,26,277.78,10,2020,2020-10-26,389.7473684210526,-0.2872819100091828
外食,27,251.21,10,2020,2020-10-27,381.51473684210526,-0.34154574976754704
外食,28,306.57,10,2020,2020-10-28,408.2036842105263,-0.24897787095451573
外食,29,254.49,10,2020,2020-10-29,378.30578947368423,-0.3272902316560955
外食,30,376.33,10,2020,2020-10-30,356.04473684210524,0.056973916642645506
外食,31,611.68,10,2020,2020-10-31,370.0984210526316,0.6527495531060727
外食,1,614.05,11,2020,2020-11-01,394.4184210526316,0.5568491916812894
外食,2,299.05,11,2020,2020-11-02,407.6036842105263,-0.26632164628438093
外食,3,550.78,11,2020,2020-11-03,641.9994736842106,-0.14208652409126432
外食,4,227.83,11,2020,2020-11-04,436.31315789473683,-0.4778291787043347
外食,5,264.65,11,2020,2020-11-05,389.6136842105263,-0.32073741060645766
外食,6,325.13,11,2020,2020-11-06,339.52473684210526,-0.04239672483362966
外食,7,615.72,11,2020,2020-11-07,331.5494736842105,0.8570984087474445
外食,8,627.79,11,2020,2020-11-08,340.6536842105263,0.8428980195969977
外食,9,254.27,11,2020,2020-11-09,354.66105263157897,-0.2830619598252446
外食,10,221.89,11,2020,2020-11-10,385.66105263157897,-0.4246502246313917
外食,11,252.45,11,2020,2020-11-11,398.53263157894736,-0.36655124324495647
外食,12,270.31,11,2020,2020-11-12,388.0736842105263,-0.3034570211842569
外食,13,358.5,11,2020,2020-11-13,356.7036842105263,0.005035876748650248
外食,14,620.08,11,2020,2020-11-14,345.40263157894736,0.795238204079145
外食,15,514.78,11,2020,2020-11-15,371.1436842105263,0.38700999612860953
外食,16,251.54,11,2020,2020-11-16,396.50894736842105,-0.3656133066619589
外食,17,247.96,11,2020,2020-11-17,382.65526315789475,-0.35200159549959076
外食,18,262.28,11,2020,2020-11-18,397.72789473684213,-0.3405541741709157
外食,19,281.02,11,2020,2020-11-19,374.87105263157895,-0.2503555608595237
外食,20,370.78,11,2020,2020-11-20,377.8636842105263,-0.01874666581237172
外食,21,577.77,11,2020,2020-11-21,387.4636842105263,0.4911591035356795
外食,22,655.83,11,2020,2020-11-22,456.82947368421054,0.43561227499377875
外食,23,475.81,11,2020,2020-11-23,646.8768421052631,-0.26445040380256224
外食,24,215.9,11,2020,2020-11-24,454.8836842105263,-0.5253731723205122
外食,25,361.31,11,2020,2020-11-25,528.0215789473684,-0.31572872320808265
外食,26,235.65,11,2020,2020-11-26,416.15684210526314,-0.4337471449276462
外食,27,331.58,11,2020,2020-11-27,376.5236842105263,-0.1193648264245627
外食,28,558.84,11,2020,2020-11-28,378.8463157894737,0.47511002934115765
外食,29,500.6,11,2020,2020-11-29,379.81315789473683,0.3180164762452453
外食,30,230.66,11,2020,2020-11-30,420.59,-0.4515799234408806
外食,1,240.05,12,2020,2020-12-01,427.8078947368421,-0.43888366027545567
外食,2,207.06,12,2020,2020-12-02,420.92315789473685,-0.5080812349797563
外食,3,203.69,12,2020,2020-12-03,390.1957894736842,-0.4779800154308499
外食,4,298.7,12,2020,2020-12-04,373.7915789473684,-0.20089157481512354
外食,5,541.47,12,2020,2020-12-05,374.9757894736842,0.4440132275206541
外食,6,546.43,12,2020,2020-12-06,388.7805263157895,0.4054973513672304
外食,7,180.26,12,2020,2020-12-07,397.6252631578947,-0.5466585835910034
外食,8,214.09,12,2020,2020-12-08,434.59736842105264,-0.5073831192816097
外食,9,226.69,12,2020,2020-12-09,446.2,-0.4919542805916629
外食,10,267.21,12,2020,2020-12-10,472.75842105263155,-0.43478531930740194
外食,11,286.39,12,2020,2020-12-11,416.59315789473686,-0.3125427180626814
外食,12,556.12,12,2020,2020-12-12,404.00736842105266,0.37650954776749757
外食,13,481.07,12,2020,2020-12-13,413.0121052631579,0.16478426145276748
外食,14,180.25,12,2020,2020-12-14,432.0515789473684,-0.5828044409902327
外食,15,230.64,12,2020,2020-12-15,471.16473684210524,-0.510489682343755
外食,16,255.68,12,2020,2020-12-16,503.2473684210526,-0.49193971783260293
外食,17,211.46,12,2020,2020-12-17,425.8615789473684,-0.5034536796611698
外食,18,322.76,12,2020,2020-12-18,411.9273684210526,-0.21646381196480724
外食,19,521.38,12,2020,2020-12-19,405.8263157894737,0.2847367943247694
外食,20,528.16,12,2020,2020-12-20,444.7863157894737,0.1874466035730935
外食,21,214.98,12,2020,2020-12-21,443.87684210526317,-0.5156764678680431
外食,22,208.44,12,2020,2020-12-22,507.32,-0.5891350626823306
外食,23,223.21,12,2020,2020-12-23,621.4936842105263,-0.6408491257903286
外食,24,302,12,2020,2020-12-24,533.3315789473684,-0.4337481373293991
外食,25,526.72,12,2020,2020-12-25,552.8731578947369,-0.04730408326265001
外食,26,515.84,12,2020,2020-12-26,421.25052631578944,0.22454446410187234
外食,27,439.97,12,2020,2020-12-27,431.69157894736844,0.019176702665401946
外食,28,353.79,12,2020,2020-12-28,496.4042105263158,-0.28729452229083263
外食,29,381.38,12,2020,2020-12-29,533.1421052631579,-0.28465601153045006
外食,30,409.46,12,2020,2020-12-30,570.0089473684211,-0.2816603986825693
外食,31,382.83,12,2020,2020-12-31,540.8473684210526,-0.29216628876713924
外食,1,330.64,1,2021,2021-01-01,534.9573684210526,-0.38193205754713355
外食,2,551.9,1,2021,2021-01-02,924.1405263157894,-0.40279645326212066
外食,3,486.11,1,2021,2021-01-03,869.8457894736842,-0.4411538161331682
外食,4,276.52,1,2021,2021-01-04,601.6473684210526,-0.540395230638685
外食,5,236.73,1,2021,2021-01-05,459.15473684210525,-0.48442217621854344
外食,6,186.04,1,2021,2021-01-06,402.4021052631579,-0.5376763750320445
外食,7,151.53,1,2021,2021-01-07,402.43157894736845,-0.6234639428735843
外食,8,186.58,1,2021,2021-01-08,422.2526315789474,-0.5581318243007429
外食,9,306.49,1,2021,2021-01-09,415.3257894736842,-0.2620491966357419
外食,10,377.4,1,2021,2021-01-10,429.4236842105263,-0.1211476826346205
外食,11,294.49,1,2021,2021-01-11,416.5084210526316,-0.2929554719308133
外食,12,146.64,1,2021,2021-01-12,400.5126315789474,-0.6338692254925924
外食,13,150.42,1,2021,2021-01-13,411.55368421052634,-0.6345069774103782
外食,14,139.98,1,2021,2021-01-14,400.1621052631579,-0.6501917643902209
外食,15,181.82,1,2021,2021-01-15,365.58736842105264,-0.5026633420479805
外食,16,378.99,1,2021,2021-01-16,389.658947368421,-0.027380219139004014
外食,17,346.69,1,2021,2021-01-17,331.4268421052632,0.04605287187297025
外食,18,148.05,1,2021,2021-01-18,346.7815789473684,-0.5730742087010632
外食,19,128.34,1,2021,2021-01-19,347.1615789473684,-0.6303162337573737
外食,20,197.17,1,2021,2021-01-20,396.64157894736843,-0.5029013334324108
外食,21,142.08,1,2021,2021-01-21,379.09315789473686,-0.6252108563788654
外食,22,177.3,1,2021,2021-01-22,364.3621052631579,-0.5133961588240732
外食,23,343.33,1,2021,2021-01-23,358.4347368421053,-0.04214082869082836
外食,24,356.09,1,2021,2021-01-24,341.02947368421053,0.044161949268160194
外食,25,264.84,1,2021,2021-01-25,489.33421052631576,-0.4587748121776636
外食,26,156.44,1,2021,2021-01-26,381.82157894736844,-0.590279835856097
外食,27,162.37,1,2021,2021-01-27,381.41052631578947,-0.5742907214218689
外食,28,169.59,1,2021,2021-01-28,394.54842105263157,-0.5701668262984197
外食,29,231.86,1,2021,2021-01-29,362.1878947368421,-0.359835037644026
外食,30,366.11,1,2021,2021-01-30,355.92526315789473,0.028614818604733694
外食,31,376.52,1,2021,2021-01-31,369.0673684210526,0.020193146879474266
交通,1,170.41,11,2019,2019-11-01,243.17368421052632,-0.29922515853948883
交通,2,97.02,11,2019,2019-11-02,148.54,-0.34684260131950984
交通,3,149.21,11,2019,2019-11-03,171.4,-0.129463243873979
交通,4,130.57,11,2019,2019-11-04,146.00368421052633,-0.10570749836882287
交通,5,98.08,11,2019,2019-11-05,138.01,-0.2893268603724367
交通,6,68.14,11,2019,2019-11-06,127.98263157894736,-0.46758400605345296
交通,7,126.17,11,2019,2019-11-07,120.78947368421052,0.044544662309368155
交通,8,74.18,11,2019,2019-11-08,110.78894736842105,-0.3304386244115173
交通,9,162.47,11,2019,2019-11-09,110.93631578947368,0.4645339431347526
交通,10,79.91,11,2019,2019-11-10,134.4242105263158,-0.40553863260847434
交通,11,120.93,11,2019,2019-11-11,125.1321052631579,-0.0335813519186039
交通,12,112.82,11,2019,2019-11-12,122.53947368421052,-0.07931708364651568
交通,13,73.14,11,2019,2019-11-13,116.1678947368421,-0.37039403041876773
交通,14,80.54,11,2019,2019-11-14,116.40052631578948,-0.3080787299749955
交通,15,107.69,11,2019,2019-11-15,109.9321052631579,-0.02039536364550365
交通,16,110.47,11,2019,2019-11-16,260.6815789473684,-0.576226289383095
交通,17,105.6,11,2019,2019-11-17,148.23,-0.28759360453349525
交通,18,64.77,11,2019,2019-11-18,121.87473684210526,-0.4685526986293088
交通,19,64.99,11,2019,2019-11-19,123.19526315789474,-0.4724634833020751
交通,20,70.23,11,2019,2019-11-20,128.1021052631579,-0.45176545025760706
交通,21,69.46,11,2019,2019-11-21,116.69052631578947,-0.4047503067041929
交通,22,85.82,11,2019,2019-11-22,133.92736842105262,-0.3592049107528825
交通,23,100.67,11,2019,2019-11-23,162.6342105263158,-0.3810035436319801
交通,24,75.68,11,2019,2019-11-24,125.38368421052631,-0.3964126953477536
交通,25,69.78,11,2019,2019-11-25,140.8478947368421,-0.5045719346364685
交通,26,61.38,11,2019,2019-11-26,113.17052631578947,-0.4576326363568718
交通,27,84.74,11,2019,2019-11-27,112.90736842105262,-0.24947325240998675
交通,28,118.04,11,2019,2019-11-28,106.85052631578947,0.10472081018244883
交通,29,101.96,11,2019,2019-11-29,106.32684210526315,-0.04106998777354831
交通,30,168.64,11,2019,2019-11-30,112.3021052631579,0.5016637453485429
交通,1,156.93,12,2019,2019-12-01,226.51947368421054,-0.3072118813997635
交通,2,100.23,12,2019,2019-12-02,139.11,-0.27949105024800525
交通,3,141.85,12,2019,2019-12-03,125.51842105263158,0.13011300501079726
交通,4,97.22,12,2019,2019-12-04,113.14157894736842,-0.140722615819025
交通,5,69.47,12,2019,2019-12-05,118.55263157894737,-0.4140155382907881
交通,6,91.59,12,2019,2019-12-06,113.03,-0.18968415464920818
交通,7,126.53,12,2019,2019-12-07,121.42842105263158,0.04201305512452658
交通,8,96.98,12,2019,2019-12-08,113.36105263157894,-0.14450335676413506
交通,9,104.98,12,2019,2019-12-09,117.0221052631579,-0.10290453445592829
交通,10,78.97,12,2019,2019-12-10,132.3905263157895,-0.403507167789077
交通,11,86.7,12,2019,2019-12-11,110.8821052631579,-0.21808843911978582
交通,12,100.15,12,2019,2019-12-12,115.84684210526316,-0.13549650400483393
交通,13,91.52,12,2019,2019-12-13,106.16736842105263,-0.1379648816664849
交通,14,155.64,12,2019,2019-12-14,109.67894736842105,0.4190508181774557
交通,15,115.73,12,2019,2019-12-15,115.00736842105263,0.006283350265886778
交通,16,115.25,12,2019,2019-12-16,229.76473684210526,-0.4983999651817763
交通,17,60.48,12,2019,2019-12-17,130.45368421052632,-0.5363871831906464
交通,18,108.79,12,2019,2019-12-18,106.76842105263158,0.018934240362811883
交通,19,99.62,12,2019,2019-12-19,111.06052631578947,-0.10301163424401105
交通,20,103.79,12,2019,2019-12-20,106.28315789473685,-0.023457694936069418
交通,21,94.04,12,2019,2019-12-21,110.66263157894737,-0.15020997912098888
交通,22,375.27,12,2019,2019-12-22,120.72736842105263,2.1084086807160105
交通,23,82.51,12,2019,2019-12-23,128.58368421052631,-0.35831672185633767
交通,24,49.69,12,2019,2019-12-24,117.61368421052632,-0.5775151477182212
交通,25,73.91,12,2019,2019-12-25,127.44421052631579,-0.4200599643187525
交通,26,102.13,12,2019,2019-12-26,127.08684210526316,-0.1963762864183215
交通,27,131.8,12,2019,2019-12-27,135.32052631578946,-0.026016203244538127
交通,28,141.88,12,2019,2019-12-28,151.5742105263158,-0.06395685976297882
交通,29,93.71,12,2019,2019-12-29,157.0884210526316,-0.40345698701368327
交通,30,120.65,12,2019,2019-12-30,159.56894736842105,-0.24390050827723364
交通,31,54.12,12,2019,2019-12-31,122.27631578947368,-0.5573958893791026
交通,1,109.75,1,2020,2020-01-01,267.43,-0.5896122349773772
交通,2,155.16,1,2020,2020-01-02,214.83789473684212,-0.27778104421448735
交通,3,96.98,1,2020,2020-01-03,209.72263157894736,-0.5375797105450055
交通,4,90.26,1,2020,2020-01-04,195.91894736842104,-0.5392992805832701
交通,5,106.16,1,2020,2020-01-05,157.22052631578947,-0.32477010166745335
交通,6,140.6,1,2020,2020-01-06,129.63736842105263,0.08456382378375316
交通,7,103.09,1,2020,2020-01-07,118.55052631578947,-0.13041297070758184
交通,8,49.79,1,2020,2020-01-08,109.22473684210526,-0.5441508815720364
交通,9,81.92,1,2020,2020-01-09,107.54315789473684,-0.23825930348648272
交通,10,207.7,1,2020,2020-01-10,120.41947368421053,0.7248040839696324
交通,11,105.88,1,2020,2020-01-11,112.02684210526316,-0.05486936871332526
交通,12,105.99,1,2020,2020-01-12,104.59052631578948,0.013380501403971401
交通,13,75.25,1,2020,2020-01-13,108.33368421052631,-0.30538686514375657
交通,14,113.27,1,2020,2020-01-14,105.92421052631579,0.06934948523273832
交通,15,64.02,1,2020,2020-01-15,102.3042105263158,-0.3742193046538189
交通,16,60.02,1,2020,2020-01-16,189.07631578947368,-0.6825620398335397
交通,17,152.72,1,2020,2020-01-17,103.74315789473684,0.47209708186208865
交通,18,118.66,1,2020,2020-01-18,110.09263157894736,0.07781963513978662
交通,19,81.1,1,2020,2020-01-19,105.03052631578947,-0.22784353421060544
交通,20,57.15,1,2020,2020-01-20,103.8957894736842,-0.4499295853132187
交通,21,53.31,1,2020,2020-01-21,92.94526315789474,-0.42643661238080144
交通,22,79.85,1,2020,2020-01-22,101.96157894736842,-0.21686187263520318
交通,23,59.71,1,2020,2020-01-23,95.8321052631579,-0.37693114602841593
交通,24,55.85,1,2020,2020-01-24,100.11473684210526,-0.4421400708660589
交通,25,110.03,1,2020,2020-01-25,106.3978947368421,0.0341370031065118
交通,26,57.41,1,2020,2020-01-26,100.44894736842106,-0.42846588735833346
交通,27,57.39,1,2020,2020-01-27,110.30315789473684,-0.47970664579913724
交通,28,55.13,1,2020,2020-01-28,96.34105263157895,-0.42776211704033906
交通,29,50.55,1,2020,2020-01-29,100.31473684210526,-0.49608600300108086
交通,30,68.12,1,2020,2020-01-30,91.22842105263157,-0.25330287191203105
交通,31,69.25,1,2020,2020-01-31,86.55,-0.19988445984979775
交通,1,136,2,2020,2020-02-01,180.1042105263158,-0.24488161824440824
交通,2,131.01,2,2020,2020-02-02,100.01789473684211,0.3098656029973583
交通,3,119,2,2020,2020-02-03,111.12105263157895,0.07090418225737705
交通,4,83.13,2,2020,2020-02-04,114.37842105263158,-0.2732020670074867
交通,5,73.1,2,2020,2020-02-05,115.52,-0.3672091412742382
交通,6,87.66,2,2020,2020-02-06,114.83052631578947,-0.23661414074746312
交通,7,88.88,2,2020,2020-02-07,106.49,-0.16536764015400507
交通,8,101.34,2,2020,2020-02-08,111.89894736842105,-0.09436145394340756
交通,9,121.15,2,2020,2020-02-09,118.27052631578947,0.02434650266561067
交通,10,64.38,2,2020,2020-02-10,135.50315789473683,-0.5248819215710645
交通,11,61.93,2,2020,2020-02-11,140.75578947368422,-0.5600180977878819
交通,12,65.5,2,2020,2020-02-12,122.97842105263157,-0.46738623378513133
交通,13,91.41,2,2020,2020-02-13,105.5321052631579,-0.1338180947678682
交通,14,70.84,2,2020,2020-02-14,88.45473684210526,-0.19913842345773036
交通,15,90.36,2,2020,2020-02-15,104.41526315789474,-0.13460927773213238
交通,16,134.01,2,2020,2020-02-16,205.49157894736842,-0.3478564879083277
交通,17,62.35,2,2020,2020-02-17,121.71105263157895,-0.4877211341788792
交通,18,78.13,2,2020,2020-02-18,107.50157894736842,-0.27321997718515767
交通,19,61.05,2,2020,2020-02-19,102.26473684210526,-0.40302002542420867
交通,20,70.13,2,2020,2020-02-20,106.44526315789474,-0.34116373129752886
交通,21,57.56,2,2020,2020-02-21,108.72473684210526,-0.4705896590617542
交通,22,110.86,2,2020,2020-02-22,104.57789473684211,0.060071062617640836
交通,23,63.5,2,2020,2020-02-23,112.37736842105264,-0.43493960668237197
交通,24,66.25,2,2020,2020-02-24,133.64947368421053,-0.5043003300070097
交通,25,92.81,2,2020,2020-02-25,121.04631578947368,-0.23326869227959712
交通,26,44.74,2,2020,2020-02-26,125.22894736842105,-0.6427343602244311
交通,27,48.77,2,2020,2020-02-27,108.49736842105263,-0.5504960100899852
交通,28,52.9,2,2020,2020-02-28,115.53157894736842,-0.5421165322764339
交通,29,59.11,2,2020,2020-02-29,95.972,-0.3840911932647022
交通,1,32.07,3,2020,2020-03-01,233.69263157894736,-0.8627684587942777
交通,2,28.42,3,2020,2020-03-02,114.54368421052632,-0.7518850541967441
交通,3,46.79,3,2020,2020-03-03,121.22842105263157,-0.6140344022159125
交通,4,51.21,3,2020,2020-03-04,112.4921052631579,-0.5447680538985191
交通,5,32.03,3,2020,2020-03-05,112.16578947368421,-0.7144405602608921
交通,6,33.18,3,2020,2020-03-06,123.01052631578948,-0.7302669861372583
交通,7,23.56,3,2020,2020-03-07,129.8515789473684,-0.8185620830259649
交通,8,22.94,3,2020,2020-03-08,130.4857894736842,-0.8241954155120743
交通,9,26.1,3,2020,2020-03-09,129.25315789473683,-0.7980706976516913
交通,10,41.25,3,2020,2020-03-10,134.77157894736843,-0.6939265658072529
交通,11,40.22,3,2020,2020-03-11,125.00631578947369,-0.6782562565259861
交通,12,118.07,3,2020,2020-03-12,122.38684210526316,-0.03527210957490279
交通,13,25.73,3,2020,2020-03-13,122.39315789473685,-0.7897758302622695
交通,14,26.06,3,2020,2020-03-14,128.13947368421051,-0.7966278520526564
交通,15,30.08,3,2020,2020-03-15,128.41210526315788,-0.7657541713971875
交通,16,68.76,3,2020,2020-03-16,209.7,-0.6721030042918454
交通,17,43.3,3,2020,2020-03-17,158.33368421052631,-0.726526921823996
交通,18,38.77,3,2020,2020-03-18,159.05105263157895,-0.7562417892963862
交通,19,77.25,3,2020,2020-03-19,151.2121052631579,-0.4891282026292799
交通,20,39.94,3,2020,2020-03-20,177.7321052631579,-0.7752797675981888
交通,21,28.49,3,2020,2020-03-21,165.5236842105263,-0.8278796165280847
交通,22,55.76,3,2020,2020-03-22,152.27157894736843,-0.6338121638623513
交通,23,60.3,3,2020,2020-03-23,150.25684210526316,-0.598687160230903
交通,24,37.27,3,2020,2020-03-24,150.99263157894737,-0.7531667631045084
交通,25,121.77,3,2020,2020-03-25,174.56473684210528,-0.30243643588715396
交通,26,39.34,3,2020,2020-03-26,160.97210526315789,-0.7556098310593204
交通,27,39.9,3,2020,2020-03-27,166.22526315789474,-0.7599642843573085
交通,28,24.69,3,2020,2020-03-28,158.43947368421053,-0.8441676217051173
交通,29,11.74,3,2020,2020-03-29,150.64631578947368,-0.9220691197227385
交通,30,30.21,3,2020,2020-03-30,160.7015789473684,-0.8120118035063357
交通,31,33.54,3,2020,2020-03-31,156.75526315789475,-0.7860358923565062
交通,1,25.83,4,2020,2020-04-01,228.2263157894737,-0.8868228674215345
交通,2,21.12,4,2020,2020-04-02,158.5663157894737,-0.8668065162840717
交通,3,26.27,4,2020,2020-04-03,151.42105263157896,-0.8265102537365311
交通,4,17.53,4,2020,2020-04-04,155.90421052631578,-0.8875591625086929
交通,5,8.36,4,2020,2020-04-05,143.71052631578948,-0.9418275041201245
交通,6,35.54,4,2020,2020-04-06,138.90578947368422,-0.7441431337407785
交通,7,25.89,4,2020,2020-04-07,131.69526315789474,-0.8034097857493976
交通,8,19.26,4,2020,2020-04-08,123.66263157894737,-0.8442536783013206
交通,9,15.29,4,2020,2020-04-09,125.08473684210526,-0.8777628639112013
交通,10,19.45,4,2020,2020-04-10,117.34421052631579,-0.8342483202813137
交通,11,6.14,4,2020,2020-04-11,110.81473684210526,-0.9445922070026788
交通,12,8.48,4,2020,2020-04-12,111.15578947368421,-0.923710676338567
交通,13,11.54,4,2020,2020-04-13,125.16842105263157,-0.9078042216802624
交通,14,16.75,4,2020,2020-04-14,116.68631578947368,-0.856452747807888
交通,15,13.16,4,2020,2020-04-15,122.32684210526315,-0.892419359696413
交通,16,32.47,4,2020,2020-04-16,211.36263157894737,-0.8463777643311943
交通,17,11.72,4,2020,2020-04-17,113.06421052631579,-0.8963420878680954
交通,18,4.83,4,2020,2020-04-18,111.50052631578947,-0.9566818188254953
交通,19,8.37,4,2020,2020-04-19,120.67526315789473,-0.9306403004147713
交通,20,16.02,4,2020,2020-04-20,125.28473684210526,-0.8721312715036486
交通,21,30.62,4,2020,2020-04-21,118.66368421052631,-0.7419598067958538
交通,22,9.02,4,2020,2020-04-22,135.55052631578948,-0.9334565475682014
交通,23,8.31,4,2020,2020-04-23,126.18105263157895,-0.9341422517351842
交通,24,15.3,4,2020,2020-04-24,111.06473684210526,-0.8622425043715614
交通,25,4.94,4,2020,2020-04-25,123.57947368421053,-0.9600257239108863
交通,26,1.78,4,2020,2020-04-26,126.51473684210526,-0.985930492807162
交通,27,8.43,4,2020,2020-04-27,129.35052631578947,-0.9348282512633969
交通,28,8.54,4,2020,2020-04-28,138.43473684210525,-0.9383102811128938
交通,29,6.96,4,2020,2020-04-29,169.08263157894737,-0.958836694608989
交通,30,18.03,4,2020,2020-04-30,142.50736842105263,-0.873480226322554
交通,1,13.63,5,2020,2020-05-01,265.9015789473684,-0.9487404322533268
交通,2,3.27,5,2020,2020-05-02,217.55105263157895,-0.9849690453783383
交通,3,10.24,5,2020,2020-05-03,268.9721052631579,-0.9619291376331336
交通,4,4.86,5,2020,2020-05-04,243.92526315789473,-0.9800758644796292
交通,5,8.34,5,2020,2020-05-05,213.4221052631579,-0.9609225108630783
交通,6,14.21,5,2020,2020-05-06,147.31473684210528,-0.9035398609493458
交通,7,27.09,5,2020,2020-05-07,111.01631578947368,-0.755981813958119
交通,8,9.55,5,2020,2020-05-08,104.38684210526316,-0.9085133738371947
交通,9,3.72,5,2020,2020-05-09,109.93631578947368,-0.9661622278927035
交通,10,1.75,5,2020,2020-05-10,114.68526315789474,-0.9847408468026911
交通,11,46.45,5,2020,2020-05-11,105.48105263157895,-0.5596365523366631
交通,12,11.86,5,2020,2020-05-12,116.88157894736842,-0.8985297759765845
交通,13,20.34,5,2020,2020-05-13,105.62631578947368,-0.8074343514873685
交通,14,20.47,5,2020,2020-05-14,106.5678947368421,-0.8079158826347423
交通,15,14.95,5,2020,2020-05-15,108.42842105263158,-0.8621210209014921
交通,16,13.66,5,2020,2020-05-16,202.66315789473686,-0.9325975172700358
交通,17,4.41,5,2020,2020-05-17,124.45473684210526,-0.9645654306786656
交通,18,9.94,5,2020,2020-05-18,118.27947368421053,-0.9159617498253467
交通,19,11.87,5,2020,2020-05-19,121.40315789473684,-0.9022265960306244
交通,20,19.99,5,2020,2020-05-20,119.72894736842106,-0.833039541068642
交通,21,14.77,5,2020,2020-05-21,110.12842105263158,-0.8658838485213435
交通,22,14.22,5,2020,2020-05-22,98.09368421052632,-0.8550365386472653
交通,23,8.72,5,2020,2020-05-23,109.67315789473685,-0.920491028366582
交通,24,26.64,5,2020,2020-05-24,115.79263157894736,-0.7699335472668927
交通,25,24.79,5,2020,2020-05-25,122.7642105263158,-0.798068183766913
交通,26,20.39,5,2020,2020-05-26,122.64368421052632,-0.8337460250704866
交通,27,14.71,5,2020,2020-05-27,111.81315789473685,-0.8684412436159947
交通,28,19.23,5,2020,2020-05-28,106.66315789473684,-0.8197128195006415
交通,29,36.56,5,2020,2020-05-29,106.08631578947369,-0.655374967752178
交通,30,15.63,5,2020,2020-05-30,98.97,-0.8420733555622916
交通,31,9.3,5,2020,2020-05-31,91.50947368421052,-0.898371178135137
交通,1,32.26,6,2020,2020-06-01,197.11736842105262,-0.8363411592879476
交通,2,24.68,6,2020,2020-06-02,115.36526315789473,-0.7860707866091226
交通,3,24.95,6,2020,2020-06-03,103.55052631578947,-0.7590548219531782
交通,4,20.48,6,2020,2020-06-04,117.3,-0.8254049445865302
交通,5,24.9,6,2020,2020-06-05,110.81631578947368,-0.7753038456241006
交通,6,15.95,6,2020,2020-06-06,121.14736842105263,-0.8683421669997393
交通,7,20.03,6,2020,2020-06-07,110.19157894736843,-0.8182256739458551
交通,8,27.72,6,2020,2020-06-08,114.97526315789474,-0.7589046614145835
交通,9,36.28,6,2020,2020-06-09,110.23684210526316,-0.6708904273096205
交通,10,29.15,6,2020,2020-06-10,121.77105263157895,-0.7606163421433666
交通,11,32.95,6,2020,2020-06-11,113.22105263157894,-0.7089763852733357
交通,12,32.17,6,2020,2020-06-12,116.07157894736842,-0.7228434359923097
交通,13,16.52,6,2020,2020-06-13,101.74421052631578,-0.8376320390659755
交通,14,30.02,6,2020,2020-06-14,103.64842105263158,-0.710367030243942
交通,15,19,6,2020,2020-06-15,110.52105263157894,-0.8280870517643697
交通,16,24.57,6,2020,2020-06-16,222.77947368421053,-0.8897115627679957
交通,17,31.36,6,2020,2020-06-17,126.91263157894737,-0.7529008766909685
交通,18,26.94,6,2020,2020-06-18,113.52421052631578,-0.7626937912617758
交通,19,63.83,6,2020,2020-06-19,125.43947368421053,-0.4911490129439654
交通,20,39.54,6,2020,2020-06-20,110.68631578947368,-0.642774269628728
交通,21,40.89,6,2020,2020-06-21,106.1121052631579,-0.6146528249666441
交通,22,66.3,6,2020,2020-06-22,116.67736842105263,-0.4317664093970328
交通,23,35.2,6,2020,2020-06-23,112.26315789473684,-0.6864510079699953
交通,24,44.54,6,2020,2020-06-24,115.90947368421052,-0.6157346023212307
交通,25,29.82,6,2020,2020-06-25,116.68473684210527,-0.7444395830420251
交通,26,37.81,6,2020,2020-06-26,116.71578947368421,-0.6760506854256854
交通,27,44.99,6,2020,2020-06-27,113.55421052631579,-0.6038015693872159
交通,28,17.49,6,2020,2020-06-28,116.19315789473684,-0.8494747856337225
交通,29,48.71,6,2020,2020-06-29,105.20315789473685,-0.5369910849184035
交通,30,37.42,6,2020,2020-06-30,110.79526315789474,-0.6622599294098646
交通,1,26.72,7,2020,2020-07-01,200.14894736842106,-0.8664994227982845
交通,2,31.46,7,2020,2020-07-02,113.55157894736843,-0.7229452880212099
交通,3,39.6,7,2020,2020-07-03,125.12736842105264,-0.6835224739423409
交通,4,24.65,7,2020,2020-07-04,121.01,-0.7962978266258987
交通,5,21.52,7,2020,2020-07-05,119.8078947368421,-0.8203791156895908
交通,6,44.68,7,2020,2020-07-06,125.65210526315789,-0.6444150306401552
交通,7,38.77,7,2020,2020-07-07,118.82263157894737,-0.6737153563692899
交通,8,27.16,7,2020,2020-07-08,144.3905263157895,-0.8118990165559776
交通,9,50.18,7,2020,2020-07-09,126.43263157894737,-0.6031087910349593
交通,10,54.14,7,2020,2020-07-10,135.18526315789472,-0.5995125597620419
交通,11,28.73,7,2020,2020-07-11,119.86157894736841,-0.760306845176673
交通,12,41.85,7,2020,2020-07-12,128.6615789473684,-0.674728070785455
交通,13,44.39,7,2020,2020-07-13,120.66315789473684,-0.6321163744220535
交通,14,34.76,7,2020,2020-07-14,135.90157894736842,-0.7442266655822907
交通,15,35.16,7,2020,2020-07-15,135.35263157894738,-0.740234086401991
交通,16,49.74,7,2020,2020-07-16,274.55,-0.8188308140593699
交通,17,28.88,7,2020,2020-07-17,158.42157894736843,-0.8177016023202581
交通,18,28.03,7,2020,2020-07-18,138.8957894736842,-0.7981940265704693
交通,19,39.19,7,2020,2020-07-19,149.24263157894737,-0.7374074714082685
交通,20,30.98,7,2020,2020-07-20,152.2736842105263,-0.7965505322825936
交通,21,40.72,7,2020,2020-07-21,141.17368421052632,-0.7115609737911495
交通,22,30.48,7,2020,2020-07-22,134.81736842105263,-0.7739163702943163
交通,23,24.08,7,2020,2020-07-23,126.11,-0.8090555863928317
交通,24,34.29,7,2020,2020-07-24,135.33315789473684,-0.74662528730268
交通,25,39.78,7,2020,2020-07-25,158.51315789473685,-0.7490429152486096
交通,26,22.34,7,2020,2020-07-26,132.34526315789475,-0.8311990964622041
交通,27,48.58,7,2020,2020-07-27,150.93578947368422,-0.678141280014506
交通,28,29.64,7,2020,2020-07-28,154.35526315789474,-0.8079754496632853
交通,29,33.59,7,2020,2020-07-29,148.65894736842105,-0.7740465636639146
交通,30,24.1,7,2020,2020-07-30,129.91526315789474,-0.8144944680540758
交通,31,22.19,7,2020,2020-07-31,129.39263157894737,-0.8285064633957844
交通,1,29.31,8,2020,2020-08-01,277.17,-0.8942526247429375
交通,2,21.45,8,2020,2020-08-02,183.52526315789473,-0.8831223580290107
交通,3,33.79,8,2020,2020-08-03,176.01947368421054,-0.808032604047997
交通,4,37.28,8,2020,2020-08-04,186.6705263157895,-0.8002898436310527
交通,5,28.39,8,2020,2020-08-05,187.56736842105263,-0.8486410496719775
交通,6,46.8,8,2020,2020-08-06,200.6021052631579,-0.7667023487185946
交通,7,38.48,8,2020,2020-08-07,181.12315789473683,-0.7875478737933479
交通,8,28.81,8,2020,2020-08-08,202.41052631578947,-0.8576655052264808
交通,9,18.52,8,2020,2020-08-09,194.20894736842106,-0.9046387911012826
交通,10,14.18,8,2020,2020-08-10,220.28368421052633,-0.9356284599523581
交通,11,29.79,8,2020,2020-08-11,238.06842105263158,-0.8748679061746955
交通,12,42.87,8,2020,2020-08-12,252.98947368421054,-0.8305463093950237
交通,13,41.39,8,2020,2020-08-13,264.5263157894737,-0.8435316354954239
交通,14,68.58,8,2020,2020-08-14,227.9973684210526,-0.6992070545597249
交通,15,34.61,8,2020,2020-08-15,218.1042105263158,-0.8413143885829565
交通,16,19.35,8,2020,2020-08-16,348.6684210526316,-0.9445031473123311
交通,17,26.38,8,2020,2020-08-17,190.11894736842106,-0.8612447608976098
交通,18,45.52,8,2020,2020-08-18,186.96105263157895,-0.7565268308063036
交通,19,30.24,8,2020,2020-08-19,171.40578947368422,-0.8235765542526047
交通,20,38.43,8,2020,2020-08-20,168.4857894736842,-0.771909547267769
交通,21,25.94,8,2020,2020-08-21,142.7678947368421,-0.8183064893699379
交通,22,17.54,8,2020,2020-08-22,136.57210526315788,-0.871569674010644
交通,23,16.54,8,2020,2020-08-23,151.67315789473685,-0.8909497222212583
交通,24,25.1,8,2020,2020-08-24,132.51894736842107,-0.8105931227312082
交通,25,38.12,8,2020,2020-08-25,152.0963157894737,-0.7493693400649866
交通,26,35.88,8,2020,2020-08-26,148.0621052631579,-0.7576692568552315
交通,27,45.42,8,2020,2020-08-27,162.24263157894737,-0.7200489195843782
交通,28,23.28,8,2020,2020-08-28,126.17736842105263,-0.8154978163570913
交通,29,29.79,8,2020,2020-08-29,115.53368421052632,-0.7421531200743461
交通,30,24.41,8,2020,2020-08-30,111.97315789473684,-0.7820013255056428
交通,31,42.13,8,2020,2020-08-31,108.25684210526316,-0.6108329119831979
交通,1,33.63,9,2020,2020-09-01,209.58473684210526,-0.8395398419430904
交通,2,32.49,9,2020,2020-09-02,123.15578947368421,-0.7361877980820184
交通,3,27.88,9,2020,2020-09-03,112.48842105263158,-0.7521522683036382
交通,4,51.78,9,2020,2020-09-04,110.9621052631579,-0.5333542034264898
交通,5,89.71,9,2020,2020-09-05,108.03210526315789,-0.1695987060376789
交通,6,37.64,9,2020,2020-09-06,109.95315789473685,-0.6576724059527741
交通,7,25.64,9,2020,2020-09-07,103.98315789473685,-0.7534216067379333
交通,8,43.73,9,2020,2020-09-08,120.38578947368421,-0.6367511465332942
交通,9,25.75,9,2020,2020-09-09,123.01684210526315,-0.7906790683346738
交通,10,35.09,9,2020,2020-09-10,116.04947368421053,-0.697628960425227
交通,11,45.39,9,2020,2020-09-11,105.71315789473684,-0.5706305543800254
交通,12,40.12,9,2020,2020-09-12,105.57157894736842,-0.6199734777103088
交通,13,27.35,9,2020,2020-09-13,111.5057894736842,-0.7547212559177952
交通,14,28.34,9,2020,2020-09-14,126.9621052631579,-0.7767837896098297
交通,15,83.64,9,2020,2020-09-15,140.4,-0.4042735042735043
交通,16,39.07,9,2020,2020-09-16,239.50947368421052,-0.836874928582102
交通,17,69.37,9,2020,2020-09-17,145.97052631578947,-0.5247670762662975
交通,18,50.81,9,2020,2020-09-18,137.33526315789473,-0.6300294707151535
交通,19,42.51,9,2020,2020-09-19,126.30105263157895,-0.663423232710483
交通,20,51.45,9,2020,2020-09-20,133.3736842105263,-0.6142417426305197
交通,21,57.64,9,2020,2020-09-21,139.38105263157894,-0.586457420777573
交通,22,31.39,9,2020,2020-09-22,144.04052631578946,-0.7820752200586822
交通,23,38.24,9,2020,2020-09-23,176.07105263157894,-0.7828149520976878
交通,24,32.16,9,2020,2020-09-24,124.4278947368421,-0.7415370559148609
交通,25,31.29,9,2020,2020-09-25,120.43473684210527,-0.7401912370097803
交通,26,22.84,9,2020,2020-09-26,121.43105263157895,-0.8119097256836239
交通,27,32.42,9,2020,2020-09-27,109.38263157894737,-0.7036092519258806
交通,28,45.41,9,2020,2020-09-28,111.74263157894737,-0.5936197370838063
交通,29,39.01,9,2020,2020-09-29,104.8578947368421,-0.6279726948752697
交通,30,38.69,9,2020,2020-09-30,105.25947368421052,-0.6324321351247293
交通,1,55.4,10,2020,2020-10-01,217.90526315789472,-0.7457610743442346
交通,2,72.9,10,2020,2020-10-02,116.43578947368421,-0.37390384580613656
交通,3,63.45,10,2020,2020-10-03,107.19894736842105,-0.408109859680476
交通,4,46.72,10,2020,2020-10-04,117.48842105263158,-0.6023437919974197
交通,5,43.48,10,2020,2020-10-05,124.34210526315789,-0.6503195767195767
交通,6,65.24,10,2020,2020-10-06,120.4378947368421,-0.45831002656971054
交通,7,53.63,10,2020,2020-10-07,151.29631578947368,-0.6455300334303893
交通,8,41.14,10,2020,2020-10-08,136.94842105263157,-0.6995949300927741
交通,9,57.91,10,2020,2020-10-09,140.10684210526315,-0.58667257694316
交通,10,61.84,10,2020,2020-10-10,138.99947368421053,-0.5551062291034801
交通,11,39.93,10,2020,2020-10-11,128.64105263157896,-0.6896014205173105
交通,12,65.89,10,2020,2020-10-12,138.4063157894737,-0.52393790973944
交通,13,63.26,10,2020,2020-10-13,122.78421052631579,-0.48478717476102706
交通,14,43.25,10,2020,2020-10-14,126.82368421052632,-0.6589753698669931
交通,15,49.99,10,2020,2020-10-15,112.00578947368422,-0.5536837851426852
交通,16,54.39,10,2020,2020-10-16,233.36157894736843,-0.7669282139530478
交通,17,68.9,10,2020,2020-10-17,116.26157894736842,-0.4073708561003544
交通,18,45.56,10,2020,2020-10-18,128.93,-0.6466299542387342
交通,19,34.48,10,2020,2020-10-19,117.76157894736842,-0.707205012804641
交通,20,49.28,10,2020,2020-10-20,123.91368421052631,-0.6023038108020864
交通,21,51.24,10,2020,2020-10-21,118.89,-0.5690133737067877
交通,22,40.22,10,2020,2020-10-22,117.69157894736843,-0.6582593218671461
交通,23,65.45,10,2020,2020-10-23,115.89842105263158,-0.43528134891261405
交通,24,74.42,10,2020,2020-10-24,114.44526315789474,-0.349732807225702
交通,25,37.67,10,2020,2020-10-25,120.17052631578947,-0.6865287924177923
交通,26,60.6,10,2020,2020-10-26,118.77736842105263,-0.48980179637269194
交通,27,44.41,10,2020,2020-10-27,127.51473684210526,-0.6517265290286365
交通,28,45.44,10,2020,2020-10-28,129.53684210526316,-0.64921176661791
交通,29,54.95,10,2020,2020-10-29,110.99894736842106,-0.5049502603154131
交通,30,46.67,10,2020,2020-10-30,104.3457894736842,-0.5527371038601411
交通,31,42.93,10,2020,2020-10-31,98.33526315789473,-0.5634322966007803
交通,1,56.23,11,2020,2020-11-01,243.17368421052632,-0.7687660974395603
交通,2,48.89,11,2020,2020-11-02,148.54,-0.6708630671872896
交通,3,35.17,11,2020,2020-11-03,171.4,-0.7948074679113185
交通,4,41.36,11,2020,2020-11-04,146.00368421052633,-0.7167194771581107
交通,5,45.26,11,2020,2020-11-05,138.01,-0.6720527498007391
交通,6,61.55,11,2020,2020-11-06,127.98263157894736,-0.5190753679570008
交通,7,61.3,11,2020,2020-11-07,120.78947368421052,-0.4925054466230937
交通,8,47.56,11,2020,2020-11-08,110.78894736842105,-0.5707153003102152
交通,9,49.49,11,2020,2020-11-09,110.93631578947368,-0.5538881956931193
交通,10,46.22,11,2020,2020-11-10,134.4242105263158,-0.6561631285091188
交通,11,40.49,11,2020,2020-11-11,125.1321052631579,-0.6764219708855063
交通,12,37.08,11,2020,2020-11-12,122.53947368421052,-0.6974036293353376
交通,13,50.96,11,2020,2020-11-13,116.1678947368421,-0.5613245801222368
交通,14,36.12,11,2020,2020-11-14,116.40052631578948,-0.689692124741704
交通,15,42.91,11,2020,2020-11-15,109.9321052631579,-0.6096681683910166
交通,16,70.45,11,2020,2020-11-16,260.6815789473684,-0.7297469185031142
交通,17,41.98,11,2020,2020-11-17,148.23,-0.7167914727113269
交通,18,64.23,11,2020,2020-11-18,121.87473684210526,-0.4729834774272117
交通,19,47.27,11,2020,2020-11-19,123.19526315789474,-0.6163001824232819
交通,20,44.2,11,2020,2020-11-20,128.1021052631579,-0.654962735318044
交通,21,50.34,11,2020,2020-11-21,116.69052631578947,-0.5686025113660965
交通,22,39.23,11,2020,2020-11-22,133.92736842105262,-0.7070800355259331
交通,23,32.94,11,2020,2020-11-23,162.6342105263158,-0.7974595880325561
交通,24,38.41,11,2020,2020-11-24,125.38368421052631,-0.6936603016425372
交通,25,64.83,11,2020,2020-11-25,140.8478947368421,-0.5397162299008635
交通,26,40.48,11,2020,2020-11-26,113.17052631578947,-0.6423096956618797
交通,27,73.82,11,2020,2020-11-27,112.90736842105262,-0.34618970371613433
交通,28,49.81,11,2020,2020-11-28,106.85052631578947,-0.5338347716436143
交通,29,22.74,11,2020,2020-11-29,106.32684210526315,-0.7861311447819781
交通,30,40.94,11,2020,2020-11-30,112.3021052631579,-0.6354476177978573
交通,1,44.52,12,2020,2020-12-01,226.51947368421054,-0.8034606063844865
交通,2,45.52,12,2020,2020-12-02,139.11,-0.6727769391129322
交通,3,49.09,12,2020,2020-12-03,125.51842105263158,-0.6089020273811769
交通,4,41.78,12,2020,2020-12-04,113.14157894736842,-0.630728151500914
交通,5,34.39,12,2020,2020-12-05,118.55263157894737,-0.7099178690344062
交通,6,27.41,12,2020,2020-12-06,113.03,-0.7574980093780412
交通,7,36.82,12,2020,2020-12-07,121.42842105263158,-0.6967760950787555
交通,8,31.87,12,2020,2020-12-08,113.36105263157894,-0.7188628787386366
交通,9,33.68,12,2020,2020-12-09,117.0221052631579,-0.7121911289814791
交通,10,28.24,12,2020,2020-12-10,132.3905263157895,-0.7866916856827091
交通,11,40.76,12,2020,2020-12-11,110.8821052631579,-0.6324023619206744
交通,12,89.63,12,2020,2020-12-12,115.84684210526316,-0.22630605745335275
交通,13,22.31,12,2020,2020-12-13,106.16736842105263,-0.7898601017261722
交通,14,26.98,12,2020,2020-12-14,109.67894736842105,-0.7540093094678247
交通,15,31.14,12,2020,2020-12-15,115.00736842105263,-0.7292347401081853
交通,16,49.98,12,2020,2020-12-16,229.76473684210526,-0.7824731475903269
交通,17,23.09,12,2020,2020-12-17,130.45368421052632,-0.8230023158047624
交通,18,53.65,12,2020,2020-12-18,106.76842105263158,-0.4975105984422755
交通,19,38.31,12,2020,2020-12-19,111.06052631578947,-0.6550529583204985
交通,20,26.13,12,2020,2020-12-20,106.28315789473685,-0.7541473125414732
交通,21,38.64,12,2020,2020-12-21,110.66263157894737,-0.6508306422079435
交通,22,30.97,12,2020,2020-12-22,120.72736842105263,-0.7434715888779416
交通,23,46.97,12,2020,2020-12-23,128.58368421052631,-0.6347125975711088
交通,24,22.97,12,2020,2020-12-24,117.61368421052632,-0.8046995963591776
交通,25,52.68,12,2020,2020-12-25,127.44421052631579,-0.5866426589137042
交通,26,42.72,12,2020,2020-12-26,127.08684210526316,-0.6638519040026505
交通,27,24.88,12,2020,2020-12-27,135.32052631578946,-0.8161402362422163
交通,28,22.77,12,2020,2020-12-28,151.5742105263158,-0.84977655551736
交通,29,29.36,12,2020,2020-12-29,157.0884210526316,-0.8130988916734793
交通,30,17.53,12,2020,2020-12-30,159.56894736842105,-0.8901415326158302
交通,31,11.03,12,2020,2020-12-31,122.27631578947368,-0.9097944689551275
交通,1,20.38,1,2021,2021-01-01,267.43,-0.923793142130651
交通,2,19.61,1,2021,2021-01-02,214.83789473684212,-0.908721875979931
交通,3,15.16,1,2021,2021-01-03,209.72263157894736,-0.9277140483796895
交通,4,27.92,1,2021,2021-01-04,195.91894736842104,-0.8574920885650886
交通,5,35.14,1,2021,2021-01-05,157.22052631578947,-0.7764922887395846
交通,6,24.29,1,2021,2021-01-06,129.63736842105263,-0.8126311857773303
交通,7,27.1,1,2021,2021-01-07,118.55052631578947,-0.7714054855580121
交通,8,23.15,1,2021,2021-01-08,109.22473684210526,-0.7880516752037084
交通,9,36.34,1,2021,2021-01-09,107.54315789473684,-0.6620891490319676
交通,10,25.1,1,2021,2021-01-10,120.41947368421053,-0.7915619522983256
交通,11,10.5,1,2021,2021-01-11,112.02684210526316,-0.9062724628965803
交通,12,28.05,1,2021,2021-01-12,104.59052631578948,-0.7318112740411228
交通,13,21.76,1,2021,2021-01-13,108.33368421052631,-0.7991391121000417
交通,14,31.52,1,2021,2021-01-14,105.92421052631579,-0.7024287474659141
交通,15,32.84,1,2021,2021-01-15,102.3042105263158,-0.6789965942647831
交通,16,35.05,1,2021,2021-01-16,189.07631578947368,-0.8146251165639049
交通,17,16.25,1,2021,2021-01-17,103.74315789473684,-0.8433631640894517
交通,18,26.16,1,2021,2021-01-18,110.09263157894736,-0.7623819176196122
交通,19,25.63,1,2021,2021-01-19,105.03052631578947,-0.7559757063109472
交通,20,34.22,1,2021,2021-01-20,103.8957894736842,-0.6706315032269177
交通,21,20.74,1,2021,2021-01-21,92.94526315789474,-0.7768579129765114
交通,22,26.8,1,2021,2021-01-22,101.96157894736842,-0.7371558946352341
交通,23,28.4,1,2021,2021-01-23,95.8321052631579,-0.7036483762720986
交通,24,10.57,1,2021,2021-01-24,100.11473684210526,-0.8944211378523589
交通,25,26.14,1,2021,2021-01-25,106.3978947368421,-0.7543184471398325
交通,26,41.85,1,2021,2021-01-26,100.44894736842106,-0.5833704474124064
交通,27,28.84,1,2021,2021-01-27,110.30315789473684,-0.7385387639806085
交通,28,26.64,1,2021,2021-01-28,96.34105263157895,-0.7234823652812377
交通,29,29.39,1,2021,2021-01-29,100.31473684210526,-0.7070221093610636
交通,30,21.44,1,2021,2021-01-30,91.22842105263157,-0.7649855192864643
交通,31,15.72,1,2021,2021-01-31,86.55,-0.8183708838821491
